[{"family":"MaterialIcons","fonts":[{"asset":"fonts/MaterialIcons-Regular.otf"}]},{"family":"packages/widgetbook/Poppins","fonts":[{"weight":100,"asset":"packages/widgetbook/assets/fonts/Poppins/Poppins-Thin.ttf"},{"weight":100,"style":"italic","asset":"packages/widgetbook/assets/fonts/Poppins/Poppins-ThinItalic.ttf"},{"weight":200,"asset":"packages/widgetbook/assets/fonts/Poppins/Poppins-ExtraLight.ttf"},{"weight":200,"style":"italic","asset":"packages/widgetbook/assets/fonts/Poppins/Poppins-ExtraLightItalic.ttf"},{"weight":300,"asset":"packages/widgetbook/assets/fonts/Poppins/Poppins-Light.ttf"},{"weight":300,"style":"italic","asset":"packages/widgetbook/assets/fonts/Poppins/Poppins-LightItalic.ttf"},{"weight":400,"asset":"packages/widgetbook/assets/fonts/Poppins/Poppins-Regular.ttf"},{"weight":400,"style":"italic","asset":"packages/widgetbook/assets/fonts/Poppins/Poppins-Italic.ttf"},{"weight":500,"asset":"packages/widgetbook/assets/fonts/Poppins/Poppins-Medium.ttf"},{"weight":500,"style":"italic","asset":"packages/widgetbook/assets/fonts/Poppins/Poppins-MediumItalic.ttf"},{"weight":600,"asset":"packages/widgetbook/assets/fonts/Poppins/Poppins-SemiBold.ttf"},{"weight":600,"style":"italic","asset":"packages/widgetbook/assets/fonts/Poppins/Poppins-SemiBoldItalic.ttf"},{"weight":700,"asset":"packages/widgetbook/assets/fonts/Poppins/Poppins-Bold.ttf"},{"weight":700,"style":"italic","asset":"packages/widgetbook/assets/fonts/Poppins/Poppins-BoldItalic.ttf"},{"weight":800,"style":"italic","asset":"packages/widgetbook/assets/fonts/Poppins/Poppins-ExtraBold.ttf"},{"weight":800,"style":"italic","asset":"packages/widgetbook/assets/fonts/Poppins/Poppins-ExtraBoldItalic.ttf"},{"weight":900,"asset":"packages/widgetbook/assets/fonts/Poppins/Poppins-Black.ttf"},{"weight":900,"style":"italic","asset":"packages/widgetbook/assets/fonts/Poppins/Poppins-BlackItalic.ttf"}]}]